Year,Attacks,BombingExplosion,Assassination,Armed_Assault,Infrastructure_Attack,Kidnapping,Unknown,Unarmed_Assault,Hostage_Taking,Hijacking,Group
1970,10,2,0,7,0,1,0,0,0,0,All
1970,7,2,0,5,0,0,0,0,0,0,Irish Republican Army (IRA)
1970,1,0,0,0,0,1,0,0,0,0,Basque Fatherland and Freedom (ETA)
1970,0,0,0,0,0,0,0,0,0,0,Corsican National Liberation Front (FLNC)
1970,0,0,0,0,0,0,0,0,0,0,Donetsk People's Republic
1970,1,0,0,1,0,0,0,0,0,0,Protestant extremists
1970,0,0,0,0,0,0,0,0,0,0,Chechen Rebels
1970,1,0,0,1,0,0,0,0,0,0,Ulster Volunteer Force (UVF)
1970,0,0,0,0,0,0,0,0,0,0,Ulster Freedom Fighters (UFF)
1970,0,0,0,0,0,0,0,0,0,0,Neo-Nazi extremists
1970,0,0,0,0,0,0,0,0,0,0,Red Brigades
1970,0,0,0,0,0,0,0,0,0,0,First of October Antifascist Resistance Group (GRAPO)
1970,50,21,0,10,12,1,0,1,0,5,Other
1971,71,20,46,1,2,2,0,0,0,0,All
1971,60,14,45,1,0,0,0,0,0,0,Irish Republican Army (IRA)
1971,4,1,0,0,1,2,0,0,0,0,Basque Fatherland and Freedom (ETA)
1971,0,0,0,0,0,0,0,0,0,0,Corsican National Liberation Front (FLNC)
1971,0,0,0,0,0,0,0,0,0,0,Donetsk People's Republic
1971,4,2,1,0,1,0,0,0,0,0,Protestant extremists
1971,0,0,0,0,0,0,0,0,0,0,Chechen Rebels
1971,3,3,0,0,0,0,0,0,0,0,Ulster Volunteer Force (UVF)
1971,0,0,0,0,0,0,0,0,0,0,Ulster Freedom Fighters (UFF)
1971,0,0,0,0,0,0,0,0,0,0,Neo-Nazi extremists
1971,0,0,0,0,0,0,0,0,0,0,Red Brigades
1971,0,0,0,0,0,0,0,0,0,0,First of October Antifascist Resistance Group (GRAPO)
1971,57,30,13,4,8,1,0,0,0,1,Other
1972,261,56,155,41,1,8,0,0,0,0,All
1972,162,45,77,32,1,7,0,0,0,0,Irish Republican Army (IRA)
1972,4,0,2,1,0,1,0,0,0,0,Basque Fatherland and Freedom (ETA)
1972,0,0,0,0,0,0,0,0,0,0,Corsican National Liberation Front (FLNC)
1972,0,0,0,0,0,0,0,0,0,0,Donetsk People's Republic
1972,48,4,39,5,0,0,0,0,0,0,Protestant extremists
1972,0,0,0,0,0,0,0,0,0,0,Chechen Rebels
1972,23,5,17,1,0,0,0,0,0,0,Ulster Volunteer Force (UVF)
1972,24,2,20,2,0,0,0,0,0,0,Ulster Freedom Fighters (UFF)
1972,0,0,0,0,0,0,0,0,0,0,Neo-Nazi extremists
1972,0,0,0,0,0,0,0,0,0,0,Red Brigades
1972,0,0,0,0,0,0,0,0,0,0,First of October Antifascist Resistance Group (GRAPO)
1972,92,51,25,9,2,1,1,0,0,3,Other
1973,185,48,121,7,3,4,0,0,0,2,All
1973,108,36,61,4,3,2,0,0,0,2,Irish Republican Army (IRA)
1973,3,1,1,0,0,1,0,0,0,0,Basque Fatherland and Freedom (ETA)
1973,0,0,0,0,0,0,0,0,0,0,Corsican National Liberation Front (FLNC)
1973,0,0,0,0,0,0,0,0,0,0,Donetsk People's Republic
1973,34,2,30,1,0,1,0,0,0,0,Protestant extremists
1973,0,0,0,0,0,0,0,0,0,0,Chechen Rebels
1973,26,8,16,2,0,0,0,0,0,0,Ulster Volunteer Force (UVF)
1973,14,1,13,0,0,0,0,0,0,0,Ulster Freedom Fighters (UFF)
1973,0,0,0,0,0,0,0,0,0,0,Neo-Nazi extremists
1973,0,0,0,0,0,0,0,0,0,0,Red Brigades
1973,0,0,0,0,0,0,0,0,0,0,First of October Antifascist Resistance Group (GRAPO)
1973,104,41,16,19,21,0,0,2,3,2,Other
1974,200,65,114,15,3,2,0,1,0,0,All
1974,112,49,58,4,0,1,0,0,0,0,Irish Republican Army (IRA)
1974,10,1,6,3,0,0,0,0,0,0,Basque Fatherland and Freedom (ETA)
1974,1,1,0,0,0,0,0,0,0,0,Corsican National Liberation Front (FLNC)
1974,0,0,0,0,0,0,0,0,0,0,Donetsk People's Republic
1974,24,2,20,2,0,0,0,0,0,0,Protestant extremists
1974,0,0,0,0,0,0,0,0,0,0,Chechen Rebels
1974,30,10,17,3,0,0,0,0,0,0,Ulster Volunteer Force (UVF)
1974,19,2,13,3,0,0,0,1,0,0,Ulster Freedom Fighters (UFF)
1974,0,0,0,0,0,0,0,0,0,0,Neo-Nazi extremists
1974,4,0,0,0,3,1,0,0,0,0,Red Brigades
1974,0,0,0,0,0,0,0,0,0,0,First of October Antifascist Resistance Group (GRAPO)
1974,116,61,22,6,22,3,0,1,1,0,Other
1975,203,68,102,23,3,6,1,0,0,0,All
1975,75,33,33,4,0,4,1,0,0,0,Irish Republican Army (IRA)
1975,32,14,10,5,3,0,0,0,0,0,Basque Fatherland and Freedom (ETA)
1975,0,0,0,0,0,0,0,0,0,0,Corsican National Liberation Front (FLNC)
1975,0,0,0,0,0,0,0,0,0,0,Donetsk People's Republic
1975,35,7,25,2,0,1,0,0,0,0,Protestant extremists
1975,0,0,0,0,0,0,0,0,0,0,Chechen Rebels
1975,40,10,25,4,0,1,0,0,0,0,Ulster Volunteer Force (UVF)
1975,7,2,5,0,0,0,0,0,0,0,Ulster Freedom Fighters (UFF)
1975,0,0,0,0,0,0,0,0,0,0,Neo-Nazi extremists
1975,1,0,0,1,0,0,0,0,0,0,Red Brigades
1975,13,2,4,7,0,0,0,0,0,0,First of October Antifascist Resistance Group (GRAPO)
1975,229,96,47,27,53,1,0,0,5,0,Other
1976,234,62,125,28,6,8,1,0,4,0,All
1976,93,27,59,3,4,0,0,0,0,0,Irish Republican Army (IRA)
1976,16,2,9,1,0,4,0,0,0,0,Basque Fatherland and Freedom (ETA)
1976,2,1,0,0,0,0,0,0,1,0,Corsican National Liberation Front (FLNC)
1976,0,0,0,0,0,0,0,0,0,0,Donetsk People's Republic
1976,35,12,21,0,0,1,0,0,1,0,Protestant extremists
1976,0,0,0,0,0,0,0,0,0,0,Chechen Rebels
1976,25,3,14,8,0,0,0,0,0,0,Ulster Volunteer Force (UVF)
1976,20,0,18,1,0,0,1,0,0,0,Ulster Freedom Fighters (UFF)
1976,0,0,0,0,0,0,0,0,0,0,Neo-Nazi extremists
1976,22,4,4,8,2,2,0,0,2,0,Red Brigades
1976,21,13,0,7,0,1,0,0,0,0,First of October Antifascist Resistance Group (GRAPO)
1976,339,170,28,45,88,5,1,1,0,1,Other
1977,249,79,63,60,35,9,1,0,2,0,All
1977,109,22,35,24,28,0,0,0,0,0,Irish Republican Army (IRA)
1977,54,31,10,5,1,6,0,0,1,0,Basque Fatherland and Freedom (ETA)
1977,2,2,0,0,0,0,0,0,0,0,Corsican National Liberation Front (FLNC)
1977,0,0,0,0,0,0,0,0,0,0,Donetsk People's Republic
1977,4,0,2,2,0,0,0,0,0,0,Protestant extremists
1977,0,0,0,0,0,0,0,0,0,0,Chechen Rebels
1977,11,5,2,3,0,0,1,0,0,0,Ulster Volunteer Force (UVF)
1977,6,1,3,2,0,0,0,0,0,0,Ulster Freedom Fighters (UFF)
1977,0,0,0,0,0,0,0,0,0,0,Neo-Nazi extremists
1977,41,7,7,20,5,1,0,0,1,0,Red Brigades
1977,22,11,4,4,1,2,0,0,0,0,First of October Antifascist Resistance Group (GRAPO)
1977,517,229,30,124,111,12,4,0,4,3,Other
1978,303,113,77,76,11,13,4,1,8,0,All
1978,80,42,13,22,1,2,0,0,0,0,Irish Republican Army (IRA)
1978,129,38,47,22,8,7,4,0,3,0,Basque Fatherland and Freedom (ETA)
1978,12,12,0,0,0,0,0,0,0,0,Corsican National Liberation Front (FLNC)
1978,0,0,0,0,0,0,0,0,0,0,Donetsk People's Republic
1978,3,0,0,2,0,0,0,1,0,0,Protestant extremists
1978,0,0,0,0,0,0,0,0,0,0,Chechen Rebels
1978,5,2,1,2,0,0,0,0,0,0,Ulster Volunteer Force (UVF)
1978,1,0,0,1,0,0,0,0,0,0,Ulster Freedom Fighters (UFF)
1978,0,0,0,0,0,0,0,0,0,0,Neo-Nazi extremists
1978,55,14,12,23,2,3,0,0,1,0,Red Brigades
1978,18,5,4,4,0,1,0,0,4,0,First of October Antifascist Resistance Group (GRAPO)
1978,404,204,44,30,101,11,6,2,6,0,Other
1979,590,289,131,92,51,11,10,1,5,0,All
1979,206,91,44,30,33,2,6,0,0,0,Irish Republican Army (IRA)
1979,170,63,62,31,4,8,1,0,1,0,Basque Fatherland and Freedom (ETA)
1979,132,120,0,1,11,0,0,0,0,0,Corsican National Liberation Front (FLNC)
1979,0,0,0,0,0,0,0,0,0,0,Donetsk People's Republic
1979,11,2,2,6,0,1,0,0,0,0,Protestant extremists
1979,0,0,0,0,0,0,0,0,0,0,Chechen Rebels
1979,6,0,0,5,0,0,1,0,0,0,Ulster Volunteer Force (UVF)
1979,4,0,1,3,0,0,0,0,0,0,Ulster Freedom Fighters (UFF)
1979,2,1,1,0,0,0,0,0,0,0,Neo-Nazi extremists
1979,33,4,8,14,1,0,1,1,4,0,Red Brigades
1979,26,8,13,2,2,0,1,0,0,0,First of October Antifascist Resistance Group (GRAPO)
1979,426,211,70,38,56,30,13,3,3,2,Other
1980,274,103,99,37,18,12,4,0,1,0,All
1980,94,43,26,11,8,4,1,0,1,0,Irish Republican Army (IRA)
1980,124,42,53,19,2,6,2,0,0,0,Basque Fatherland and Freedom (ETA)
1980,8,8,0,0,0,0,0,0,0,0,Corsican National Liberation Front (FLNC)
1980,0,0,0,0,0,0,0,0,0,0,Donetsk People's Republic
1980,6,2,3,1,0,0,0,0,0,0,Protestant extremists
1980,0,0,0,0,0,0,0,0,0,0,Chechen Rebels
1980,4,0,2,2,0,0,0,0,0,0,Ulster Volunteer Force (UVF)
1980,5,2,0,2,0,0,1,0,0,0,Ulster Freedom Fighters (UFF)
1980,2,2,0,0,0,0,0,0,0,0,Neo-Nazi extremists
1980,24,2,13,1,6,2,0,0,0,0,Red Brigades
1980,7,2,2,1,2,0,0,0,0,0,First of October Antifascist Resistance Group (GRAPO)
1980,315,166,67,26,41,7,5,0,1,2,Other
1981,220,91,69,37,2,16,4,0,1,0,All
1981,103,43,36,17,2,4,0,0,1,0,Irish Republican Army (IRA)
1981,66,34,15,7,0,8,2,0,0,0,Basque Fatherland and Freedom (ETA)
1981,12,12,0,0,0,0,0,0,0,0,Corsican National Liberation Front (FLNC)
1981,0,0,0,0,0,0,0,0,0,0,Donetsk People's Republic
1981,4,0,2,1,0,0,1,0,0,0,Protestant extremists
1981,0,0,0,0,0,0,0,0,0,0,Chechen Rebels
1981,3,0,2,1,0,0,0,0,0,0,Ulster Volunteer Force (UVF)
1981,7,0,4,3,0,0,0,0,0,0,Ulster Freedom Fighters (UFF)
1981,0,0,0,0,0,0,0,0,0,0,Neo-Nazi extremists
1981,20,2,7,6,0,4,1,0,0,0,Red Brigades
1981,5,0,3,2,0,0,0,0,0,0,First of October Antifascist Resistance Group (GRAPO)
1981,259,137,64,13,28,1,5,2,4,5,Other
1982,216,120,66,8,4,10,3,2,3,0,All
1982,56,24,24,3,0,1,1,0,3,0,Irish Republican Army (IRA)
1982,114,77,23,3,4,6,1,0,0,0,Basque Fatherland and Freedom (ETA)
1982,6,5,1,0,0,0,0,0,0,0,Corsican National Liberation Front (FLNC)
1982,0,0,0,0,0,0,0,0,0,0,Donetsk People's Republic
1982,10,0,9,0,0,1,0,0,0,0,Protestant extremists
1982,0,0,0,0,0,0,0,0,0,0,Chechen Rebels
1982,7,0,3,0,0,2,0,2,0,0,Ulster Volunteer Force (UVF)
1982,2,0,2,0,0,0,0,0,0,0,Ulster Freedom Fighters (UFF)
1982,0,0,0,0,0,0,0,0,0,0,Neo-Nazi extremists
1982,8,2,3,2,0,0,1,0,0,0,Red Brigades
1982,13,12,1,0,0,0,0,0,0,0,First of October Antifascist Resistance Group (GRAPO)
1982,188,135,34,8,6,0,1,0,4,0,Other
1983,267,139,73,17,26,8,4,0,0,0,All
1983,134,50,43,15,25,1,0,0,0,0,Irish Republican Army (IRA)
1983,98,69,16,2,1,6,4,0,0,0,Basque Fatherland and Freedom (ETA)
1983,20,20,0,0,0,0,0,0,0,0,Corsican National Liberation Front (FLNC)
1983,0,0,0,0,0,0,0,0,0,0,Donetsk People's Republic
1983,7,0,7,0,0,0,0,0,0,0,Protestant extremists
1983,0,0,0,0,0,0,0,0,0,0,Chechen Rebels
1983,1,0,1,0,0,0,0,0,0,0,Ulster Volunteer Force (UVF)
1983,1,0,1,0,0,0,0,0,0,0,Ulster Freedom Fighters (UFF)
1983,0,0,0,0,0,0,0,0,0,0,Neo-Nazi extremists
1983,1,0,1,0,0,0,0,0,0,0,Red Brigades
1983,5,0,4,0,0,1,0,0,0,0,First of October Antifascist Resistance Group (GRAPO)
1983,206,152,28,2,12,4,2,2,2,2,Other
1984,273,168,60,26,16,0,3,0,0,0,All
1984,118,63,28,19,7,0,1,0,0,0,Irish Republican Army (IRA)
1984,80,44,20,7,8,0,1,0,0,0,Basque Fatherland and Freedom (ETA)
1984,36,36,0,0,0,0,0,0,0,0,Corsican National Liberation Front (FLNC)
1984,0,0,0,0,0,0,0,0,0,0,Donetsk People's Republic
1984,2,0,2,0,0,0,0,0,0,0,Protestant extremists
1984,0,0,0,0,0,0,0,0,0,0,Chechen Rebels
1984,3,0,3,0,0,0,0,0,0,0,Ulster Volunteer Force (UVF)
1984,2,0,2,0,0,0,0,0,0,0,Ulster Freedom Fighters (UFF)
1984,2,0,0,0,1,0,1,0,0,0,Neo-Nazi extremists
1984,1,0,1,0,0,0,0,0,0,0,Red Brigades
1984,29,25,4,0,0,0,0,0,0,0,First of October Antifascist Resistance Group (GRAPO)
1984,268,190,47,12,13,2,0,1,1,2,Other
1985,200,127,58,10,1,3,1,0,0,0,All
1985,53,27,19,4,1,1,1,0,0,0,Irish Republican Army (IRA)
1985,93,51,34,6,0,2,0,0,0,0,Basque Fatherland and Freedom (ETA)
1985,49,49,0,0,0,0,0,0,0,0,Corsican National Liberation Front (FLNC)
1985,0,0,0,0,0,0,0,0,0,0,Donetsk People's Republic
1985,0,0,0,0,0,0,0,0,0,0,Protestant extremists
1985,0,0,0,0,0,0,0,0,0,0,Chechen Rebels
1985,2,0,2,0,0,0,0,0,0,0,Ulster Volunteer Force (UVF)
1985,2,0,2,0,0,0,0,0,0,0,Ulster Freedom Fighters (UFF)
1985,0,0,0,0,0,0,0,0,0,0,Neo-Nazi extremists
1985,1,0,1,0,0,0,0,0,0,0,Red Brigades
1985,0,0,0,0,0,0,0,0,0,0,First of October Antifascist Resistance Group (GRAPO)
1985,268,187,25,13,17,2,17,0,3,4,Other
1986,168,93,47,17,3,4,2,2,0,0,All
1986,45,20,22,1,0,1,1,0,0,0,Irish Republican Army (IRA)
1986,101,69,11,16,2,3,0,0,0,0,Basque Fatherland and Freedom (ETA)
1986,4,4,0,0,0,0,0,0,0,0,Corsican National Liberation Front (FLNC)
1986,0,0,0,0,0,0,0,0,0,0,Donetsk People's Republic
1986,9,0,7,0,0,0,1,1,0,0,Protestant extremists
1986,0,0,0,0,0,0,0,0,0,0,Chechen Rebels
1986,3,0,2,0,0,0,0,1,0,0,Ulster Volunteer Force (UVF)
1986,5,0,4,0,1,0,0,0,0,0,Ulster Freedom Fighters (UFF)
1986,0,0,0,0,0,0,0,0,0,0,Neo-Nazi extremists
1986,1,0,1,0,0,0,0,0,0,0,Red Brigades
1986,0,0,0,0,0,0,0,0,0,0,First of October Antifascist Resistance Group (GRAPO)
1986,286,211,20,11,37,1,5,1,0,0,Other
1987,196,98,65,9,20,4,0,0,0,0,All
1987,79,34,39,5,0,1,0,0,0,0,Irish Republican Army (IRA)
1987,65,55,5,2,0,3,0,0,0,0,Basque Fatherland and Freedom (ETA)
1987,16,9,3,2,2,0,0,0,0,0,Corsican National Liberation Front (FLNC)
1987,0,0,0,0,0,0,0,0,0,0,Donetsk People's Republic
1987,3,0,3,0,0,0,0,0,0,0,Protestant extremists
1987,0,0,0,0,0,0,0,0,0,0,Chechen Rebels
1987,2,0,2,0,0,0,0,0,0,0,Ulster Volunteer Force (UVF)
1987,30,0,12,0,18,0,0,0,0,0,Ulster Freedom Fighters (UFF)
1987,0,0,0,0,0,0,0,0,0,0,Neo-Nazi extremists
1987,0,0,0,0,0,0,0,0,0,0,Red Brigades
1987,1,0,1,0,0,0,0,0,0,0,First of October Antifascist Resistance Group (GRAPO)
1987,222,133,38,10,14,1,24,1,0,1,Other
1988,265,166,70,13,13,2,1,0,0,0,All
1988,133,83,35,8,6,1,0,0,0,0,Irish Republican Army (IRA)
1988,82,56,13,4,7,1,1,0,0,0,Basque Fatherland and Freedom (ETA)
1988,27,25,2,0,0,0,0,0,0,0,Corsican National Liberation Front (FLNC)
1988,0,0,0,0,0,0,0,0,0,0,Donetsk People's Republic
1988,4,1,2,1,0,0,0,0,0,0,Protestant extremists
1988,0,0,0,0,0,0,0,0,0,0,Chechen Rebels
1988,6,0,6,0,0,0,0,0,0,0,Ulster Volunteer Force (UVF)
1988,7,0,7,0,0,0,0,0,0,0,Ulster Freedom Fighters (UFF)
1988,0,0,0,0,0,0,0,0,0,0,Neo-Nazi extremists
1988,2,1,1,0,0,0,0,0,0,0,Red Brigades
1988,4,0,4,0,0,0,0,0,0,0,First of October Antifascist Resistance Group (GRAPO)
1988,226,148,27,12,37,1,1,0,0,0,Other
1989,275,157,75,14,26,3,0,0,0,0,All
1989,124,73,38,10,1,2,0,0,0,0,Irish Republican Army (IRA)
1989,126,79,20,2,24,1,0,0,0,0,Basque Fatherland and Freedom (ETA)
1989,4,3,0,0,1,0,0,0,0,0,Corsican National Liberation Front (FLNC)
1989,0,0,0,0,0,0,0,0,0,0,Donetsk People's Republic
1989,6,2,4,0,0,0,0,0,0,0,Protestant extremists
1989,0,0,0,0,0,0,0,0,0,0,Chechen Rebels
1989,6,0,5,1,0,0,0,0,0,0,Ulster Volunteer Force (UVF)
1989,3,0,3,0,0,0,0,0,0,0,Ulster Freedom Fighters (UFF)
1989,1,0,1,0,0,0,0,0,0,0,Neo-Nazi extremists
1989,1,0,0,1,0,0,0,0,0,0,Red Brigades
1989,4,0,4,0,0,0,0,0,0,0,First of October Antifascist Resistance Group (GRAPO)
1989,182,100,29,11,37,2,1,0,0,2,Other
1990,234,131,85,11,2,3,1,0,1,0,All
1990,107,61,36,7,0,3,0,0,0,0,Irish Republican Army (IRA)
1990,77,49,26,2,0,0,0,0,0,0,Basque Fatherland and Freedom (ETA)
1990,15,10,2,0,2,0,0,0,1,0,Corsican National Liberation Front (FLNC)
1990,0,0,0,0,0,0,0,0,0,0,Donetsk People's Republic
1990,8,0,7,1,0,0,0,0,0,0,Protestant extremists
1990,0,0,0,0,0,0,0,0,0,0,Chechen Rebels
1990,9,0,8,1,0,0,0,0,0,0,Ulster Volunteer Force (UVF)
1990,3,0,3,0,0,0,0,0,0,0,Ulster Freedom Fighters (UFF)
1990,1,0,0,0,0,0,1,0,0,0,Neo-Nazi extremists
1990,1,1,0,0,0,0,0,0,0,0,Red Brigades
1990,13,10,3,0,0,0,0,0,0,0,First of October Antifascist Resistance Group (GRAPO)
1990,207,121,36,20,27,1,0,1,0,1,Other
1991,378,143,92,29,105,3,5,1,0,0,All
1991,202,60,36,12,91,3,0,0,0,0,Irish Republican Army (IRA)
1991,85,60,18,7,0,0,0,0,0,0,Basque Fatherland and Freedom (ETA)
1991,21,19,1,1,0,0,0,0,0,0,Corsican National Liberation Front (FLNC)
1991,0,0,0,0,0,0,0,0,0,0,Donetsk People's Republic
1991,22,0,20,2,0,0,0,0,0,0,Protestant extremists
1991,0,0,0,0,0,0,0,0,0,0,Chechen Rebels
1991,2,0,2,0,0,0,0,0,0,0,Ulster Volunteer Force (UVF)
1991,24,1,10,2,11,0,0,0,0,0,Ulster Freedom Fighters (UFF)
1991,19,0,5,5,3,0,5,1,0,0,Neo-Nazi extremists
1991,0,0,0,0,0,0,0,0,0,0,Red Brigades
1991,3,3,0,0,0,0,0,0,0,0,First of October Antifascist Resistance Group (GRAPO)
1991,389,230,31,35,56,8,19,3,3,4,Other
1992,450,189,81,48,102,1,26,2,0,1,All
1992,183,106,27,18,31,0,0,0,0,1,Irish Republican Army (IRA)
1992,48,26,14,5,3,0,0,0,0,0,Basque Fatherland and Freedom (ETA)
1992,47,46,0,0,0,1,0,0,0,0,Corsican National Liberation Front (FLNC)
1992,0,0,0,0,0,0,0,0,0,0,Donetsk People's Republic
1992,16,0,15,1,0,0,0,0,0,0,Protestant extremists
1992,0,0,0,0,0,0,0,0,0,0,Chechen Rebels
1992,8,0,8,0,0,0,0,0,0,0,Ulster Volunteer Force (UVF)
1992,19,1,12,0,6,0,0,0,0,0,Ulster Freedom Fighters (UFF)
1992,123,5,5,23,62,0,26,2,0,0,Neo-Nazi extremists
1992,0,0,0,0,0,0,0,0,0,0,Red Brigades
1992,6,5,0,1,0,0,0,0,0,0,First of October Antifascist Resistance Group (GRAPO)
1992,404,155,60,61,67,9,40,9,0,3,Other
1993,0,0,0,0,0,0,0,0,0,0,No_attacks
1993,0,0,0,0,0,0,0,0,0,0,No_attacks
1993,0,0,0,0,0,0,0,0,0,0,No_attacks
1993,0,0,0,0,0,0,0,0,0,0,No_attacks
1993,0,0,0,0,0,0,0,0,0,0,No_attacks
1993,0,0,0,0,0,0,0,0,0,0,No_attacks
1993,0,0,0,0,0,0,0,0,0,0,No_attacks
1993,0,0,0,0,0,0,0,0,0,0,No_attacks
1993,0,0,0,0,0,0,0,0,0,0,No_attacks
1993,0,0,0,0,0,0,0,0,0,0,No_attacks
1993,0,0,0,0,0,0,0,0,0,0,No_attacks
1993,0,0,0,0,0,0,0,0,0,0,No_attacks
1993,0,0,0,0,0,0,0,0,0,0,No_attacks
1993,0,0,0,0,0,0,0,0,0,0,No_attacks
1994,346,140,70,67,55,0,7,4,3,0,All
1994,147,57,18,21,47,0,1,0,3,0,Irish Republican Army (IRA)
1994,40,26,11,2,1,0,0,0,0,0,Basque Fatherland and Freedom (ETA)
1994,46,39,0,6,0,0,1,0,0,0,Corsican National Liberation Front (FLNC)
1994,0,0,0,0,0,0,0,0,0,0,Donetsk People's Republic
1994,15,0,6,7,2,0,0,0,0,0,Protestant extremists
1994,0,0,0,0,0,0,0,0,0,0,Chechen Rebels
1994,21,5,13,3,0,0,0,0,0,0,Ulster Volunteer Force (UVF)
1994,34,10,21,3,0,0,0,0,0,0,Ulster Freedom Fighters (UFF)
1994,41,1,1,25,5,0,5,4,0,0,Neo-Nazi extremists
1994,0,0,0,0,0,0,0,0,0,0,Red Brigades
1994,2,2,0,0,0,0,0,0,0,0,First of October Antifascist Resistance Group (GRAPO)
1994,319,142,57,44,40,2,19,5,4,6,Other
1995,67,48,10,4,0,2,1,1,1,0,All
1995,4,1,3,0,0,0,0,0,0,0,Irish Republican Army (IRA)
1995,35,26,5,3,0,1,0,0,0,0,Basque Fatherland and Freedom (ETA)
1995,14,14,0,0,0,0,0,0,0,0,Corsican National Liberation Front (FLNC)
1995,0,0,0,0,0,0,0,0,0,0,Donetsk People's Republic
1995,1,0,1,0,0,0,0,0,0,0,Protestant extremists
1995,1,0,0,0,0,0,0,0,1,0,Chechen Rebels
1995,1,1,0,0,0,0,0,0,0,0,Ulster Volunteer Force (UVF)
1995,0,0,0,0,0,0,0,0,0,0,Ulster Freedom Fighters (UFF)
1995,10,6,1,1,0,0,1,1,0,0,Neo-Nazi extremists
1995,0,0,0,0,0,0,0,0,0,0,Red Brigades
1995,1,0,0,0,0,1,0,0,0,0,First of October Antifascist Resistance Group (GRAPO)
1995,316,104,42,21,129,2,9,1,0,8,Other
1996,82,71,8,1,1,1,0,0,0,0,All
1996,12,11,1,0,0,0,0,0,0,0,Irish Republican Army (IRA)
1996,43,36,4,1,1,1,0,0,0,0,Basque Fatherland and Freedom (ETA)
1996,24,24,0,0,0,0,0,0,0,0,Corsican National Liberation Front (FLNC)
1996,0,0,0,0,0,0,0,0,0,0,Donetsk People's Republic
1996,0,0,0,0,0,0,0,0,0,0,Protestant extremists
1996,1,0,1,0,0,0,0,0,0,0,Chechen Rebels
1996,2,0,2,0,0,0,0,0,0,0,Ulster Volunteer Force (UVF)
1996,0,0,0,0,0,0,0,0,0,0,Ulster Freedom Fighters (UFF)
1996,0,0,0,0,0,0,0,0,0,0,Neo-Nazi extremists
1996,0,0,0,0,0,0,0,0,0,0,Red Brigades
1996,0,0,0,0,0,0,0,0,0,0,First of October Antifascist Resistance Group (GRAPO)
1996,556,374,55,30,77,9,7,2,1,1,Other
1997,82,45,11,11,6,4,2,3,0,0,All
1997,14,7,0,7,0,0,0,0,0,0,Irish Republican Army (IRA)
1997,43,32,4,0,5,2,0,0,0,0,Basque Fatherland and Freedom (ETA)
1997,5,5,0,0,0,0,0,0,0,0,Corsican National Liberation Front (FLNC)
1997,0,0,0,0,0,0,0,0,0,0,Donetsk People's Republic
1997,6,0,2,2,0,0,0,2,0,0,Protestant extremists
1997,3,0,0,1,0,2,0,0,0,0,Chechen Rebels
1997,3,0,3,0,0,0,0,0,0,0,Ulster Volunteer Force (UVF)
1997,3,1,1,1,0,0,0,0,0,0,Ulster Freedom Fighters (UFF)
1997,5,0,1,0,1,0,2,1,0,0,Neo-Nazi extremists
1997,0,0,0,0,0,0,0,0,0,0,Red Brigades
1997,0,0,0,0,0,0,0,0,0,0,First of October Antifascist Resistance Group (GRAPO)
1997,501,324,40,59,29,36,6,3,0,4,Other
1998,30,20,5,5,0,0,0,0,0,0,All
1998,12,8,0,4,0,0,0,0,0,0,Irish Republican Army (IRA)
1998,9,6,2,1,0,0,0,0,0,0,Basque Fatherland and Freedom (ETA)
1998,4,3,1,0,0,0,0,0,0,0,Corsican National Liberation Front (FLNC)
1998,0,0,0,0,0,0,0,0,0,0,Donetsk People's Republic
1998,0,0,0,0,0,0,0,0,0,0,Protestant extremists
1998,3,1,2,0,0,0,0,0,0,0,Chechen Rebels
1998,0,0,0,0,0,0,0,0,0,0,Ulster Volunteer Force (UVF)
1998,0,0,0,0,0,0,0,0,0,0,Ulster Freedom Fighters (UFF)
1998,0,0,0,0,0,0,0,0,0,0,Neo-Nazi extremists
1998,0,0,0,0,0,0,0,0,0,0,Red Brigades
1998,2,2,0,0,0,0,0,0,0,0,First of October Antifascist Resistance Group (GRAPO)
1998,211,123,5,47,29,5,1,1,0,0,Other
1999,42,23,2,10,1,3,0,2,1,0,All
1999,10,2,0,5,0,1,0,2,0,0,Irish Republican Army (IRA)
1999,3,2,1,0,0,0,0,0,0,0,Basque Fatherland and Freedom (ETA)
1999,6,5,0,0,0,0,0,0,1,0,Corsican National Liberation Front (FLNC)
1999,0,0,0,0,0,0,0,0,0,0,Donetsk People's Republic
1999,0,0,0,0,0,0,0,0,0,0,Protestant extremists
1999,18,12,0,3,1,2,0,0,0,0,Chechen Rebels
1999,1,0,1,0,0,0,0,0,0,0,Ulster Volunteer Force (UVF)
1999,2,0,0,2,0,0,0,0,0,0,Ulster Freedom Fighters (UFF)
1999,1,1,0,0,0,0,0,0,0,0,Neo-Nazi extremists
1999,0,0,0,0,0,0,0,0,0,0,Red Brigades
1999,1,1,0,0,0,0,0,0,0,0,First of October Antifascist Resistance Group (GRAPO)
1999,328,184,13,56,52,5,6,8,3,1,Other
2000,165,105,15,33,9,0,2,1,0,0,All
2000,6,3,0,3,0,0,0,0,0,0,Irish Republican Army (IRA)
2000,46,29,13,0,4,0,0,0,0,0,Basque Fatherland and Freedom (ETA)
2000,2,2,0,0,0,0,0,0,0,0,Corsican National Liberation Front (FLNC)
2000,0,0,0,0,0,0,0,0,0,0,Donetsk People's Republic
2000,5,0,0,2,3,0,0,0,0,0,Protestant extremists
2000,84,53,1,25,2,0,2,1,0,0,Chechen Rebels
2000,5,3,0,2,0,0,0,0,0,0,Ulster Volunteer Force (UVF)
2000,1,0,0,1,0,0,0,0,0,0,Ulster Freedom Fighters (UFF)
2000,2,2,0,0,0,0,0,0,0,0,Neo-Nazi extremists
2000,0,0,0,0,0,0,0,0,0,0,Red Brigades
2000,14,13,1,0,0,0,0,0,0,0,First of October Antifascist Resistance Group (GRAPO)
2000,321,198,20,57,38,2,1,5,0,0,Other
2001,142,99,10,22,5,3,0,1,1,1,All
2001,0,0,0,0,0,0,0,0,0,0,Irish Republican Army (IRA)
2001,37,30,5,1,0,1,0,0,0,0,Basque Fatherland and Freedom (ETA)
2001,6,5,0,0,1,0,0,0,0,0,Corsican National Liberation Front (FLNC)
2001,0,0,0,0,0,0,0,0,0,0,Donetsk People's Republic
2001,8,8,0,0,0,0,0,0,0,0,Protestant extremists
2001,85,52,5,20,4,2,0,0,1,1,Chechen Rebels
2001,1,1,0,0,0,0,0,0,0,0,Ulster Volunteer Force (UVF)
2001,4,3,0,0,0,0,0,1,0,0,Ulster Freedom Fighters (UFF)
2001,1,0,0,1,0,0,0,0,0,0,Neo-Nazi extremists
2001,0,0,0,0,0,0,0,0,0,0,Red Brigades
2001,0,0,0,0,0,0,0,0,0,0,First of October Antifascist Resistance Group (GRAPO)
2001,341,174,18,78,49,10,5,6,1,0,Other
2002,77,55,4,12,3,2,1,0,0,0,All
2002,2,1,0,1,0,0,0,0,0,0,Irish Republican Army (IRA)
2002,28,25,1,1,1,0,0,0,0,0,Basque Fatherland and Freedom (ETA)
2002,0,0,0,0,0,0,0,0,0,0,Corsican National Liberation Front (FLNC)
2002,0,0,0,0,0,0,0,0,0,0,Donetsk People's Republic
2002,0,0,0,0,0,0,0,0,0,0,Protestant extremists
2002,45,29,3,10,0,2,1,0,0,0,Chechen Rebels
2002,0,0,0,0,0,0,0,0,0,0,Ulster Volunteer Force (UVF)
2002,0,0,0,0,0,0,0,0,0,0,Ulster Freedom Fighters (UFF)
2002,2,0,0,0,2,0,0,0,0,0,Neo-Nazi extremists
2002,0,0,0,0,0,0,0,0,0,0,Red Brigades
2002,0,0,0,0,0,0,0,0,0,0,First of October Antifascist Resistance Group (GRAPO)
2002,153,106,12,14,10,3,1,5,2,0,Other
2003,75,56,4,10,5,0,0,0,0,0,All
2003,2,1,0,1,0,0,0,0,0,0,Irish Republican Army (IRA)
2003,11,10,1,0,0,0,0,0,0,0,Basque Fatherland and Freedom (ETA)
2003,15,15,0,0,0,0,0,0,0,0,Corsican National Liberation Front (FLNC)
2003,0,0,0,0,0,0,0,0,0,0,Donetsk People's Republic
2003,0,0,0,0,0,0,0,0,0,0,Protestant extremists
2003,45,29,3,8,5,0,0,0,0,0,Chechen Rebels
2003,0,0,0,0,0,0,0,0,0,0,Ulster Volunteer Force (UVF)
2003,2,1,0,1,0,0,0,0,0,0,Ulster Freedom Fighters (UFF)
2003,0,0,0,0,0,0,0,0,0,0,Neo-Nazi extremists
2003,0,0,0,0,0,0,0,0,0,0,Red Brigades
2003,0,0,0,0,0,0,0,0,0,0,First of October Antifascist Resistance Group (GRAPO)
2003,144,87,7,14,21,1,1,12,0,1,Other
2004,33,26,3,3,1,0,0,0,0,0,All
2004,0,0,0,0,0,0,0,0,0,0,Irish Republican Army (IRA)
2004,20,20,0,0,0,0,0,0,0,0,Basque Fatherland and Freedom (ETA)
2004,0,0,0,0,0,0,0,0,0,0,Corsican National Liberation Front (FLNC)
2004,0,0,0,0,0,0,0,0,0,0,Donetsk People's Republic
2004,0,0,0,0,0,0,0,0,0,0,Protestant extremists
2004,11,6,3,2,0,0,0,0,0,0,Chechen Rebels
2004,0,0,0,0,0,0,0,0,0,0,Ulster Volunteer Force (UVF)
2004,2,0,0,1,1,0,0,0,0,0,Ulster Freedom Fighters (UFF)
2004,0,0,0,0,0,0,0,0,0,0,Neo-Nazi extremists
2004,0,0,0,0,0,0,0,0,0,0,Red Brigades
2004,0,0,0,0,0,0,0,0,0,0,First of October Antifascist Resistance Group (GRAPO)
2004,64,48,4,6,2,0,1,1,1,1,Other
2005,44,40,0,4,0,0,0,0,0,0,All
2005,1,1,0,0,0,0,0,0,0,0,Irish Republican Army (IRA)
2005,20,20,0,0,0,0,0,0,0,0,Basque Fatherland and Freedom (ETA)
2005,18,18,0,0,0,0,0,0,0,0,Corsican National Liberation Front (FLNC)
2005,0,0,0,0,0,0,0,0,0,0,Donetsk People's Republic
2005,0,0,0,0,0,0,0,0,0,0,Protestant extremists
2005,3,0,0,3,0,0,0,0,0,0,Chechen Rebels
2005,2,1,0,1,0,0,0,0,0,0,Ulster Volunteer Force (UVF)
2005,0,0,0,0,0,0,0,0,0,0,Ulster Freedom Fighters (UFF)
2005,0,0,0,0,0,0,0,0,0,0,Neo-Nazi extremists
2005,0,0,0,0,0,0,0,0,0,0,Red Brigades
2005,0,0,0,0,0,0,0,0,0,0,First of October Antifascist Resistance Group (GRAPO)
2005,130,91,7,25,6,0,0,1,0,0,Other
2006,38,33,1,1,1,1,0,0,1,0,All
2006,2,1,1,0,0,0,0,0,0,0,Irish Republican Army (IRA)
2006,18,16,0,0,1,1,0,0,0,0,Basque Fatherland and Freedom (ETA)
2006,12,11,0,0,0,0,0,0,1,0,Corsican National Liberation Front (FLNC)
2006,0,0,0,0,0,0,0,0,0,0,Donetsk People's Republic
2006,1,1,0,0,0,0,0,0,0,0,Protestant extremists
2006,5,4,0,1,0,0,0,0,0,0,Chechen Rebels
2006,0,0,0,0,0,0,0,0,0,0,Ulster Volunteer Force (UVF)
2006,0,0,0,0,0,0,0,0,0,0,Ulster Freedom Fighters (UFF)
2006,0,0,0,0,0,0,0,0,0,0,Neo-Nazi extremists
2006,0,0,0,0,0,0,0,0,0,0,Red Brigades
2006,0,0,0,0,0,0,0,0,0,0,First of October Antifascist Resistance Group (GRAPO)
2006,125,68,1,15,30,1,2,8,0,0,Other
2007,18,13,1,2,0,2,0,0,0,0,All
2007,0,0,0,0,0,0,0,0,0,0,Irish Republican Army (IRA)
2007,8,5,1,0,0,2,0,0,0,0,Basque Fatherland and Freedom (ETA)
2007,6,6,0,0,0,0,0,0,0,0,Corsican National Liberation Front (FLNC)
2007,0,0,0,0,0,0,0,0,0,0,Donetsk People's Republic
2007,0,0,0,0,0,0,0,0,0,0,Protestant extremists
2007,3,1,0,2,0,0,0,0,0,0,Chechen Rebels
2007,0,0,0,0,0,0,0,0,0,0,Ulster Volunteer Force (UVF)
2007,1,1,0,0,0,0,0,0,0,0,Ulster Freedom Fighters (UFF)
2007,0,0,0,0,0,0,0,0,0,0,Neo-Nazi extremists
2007,0,0,0,0,0,0,0,0,0,0,Red Brigades
2007,0,0,0,0,0,0,0,0,0,0,First of October Antifascist Resistance Group (GRAPO)
2007,116,59,2,39,13,0,1,2,0,0,Other
2008,47,36,0,6,4,0,0,1,0,0,All
2008,1,0,0,0,1,0,0,0,0,0,Irish Republican Army (IRA)
2008,32,29,0,1,2,0,0,0,0,0,Basque Fatherland and Freedom (ETA)
2008,0,0,0,0,0,0,0,0,0,0,Corsican National Liberation Front (FLNC)
2008,0,0,0,0,0,0,0,0,0,0,Donetsk People's Republic
2008,0,0,0,0,0,0,0,0,0,0,Protestant extremists
2008,11,6,0,4,1,0,0,0,0,0,Chechen Rebels
2008,0,0,0,0,0,0,0,0,0,0,Ulster Volunteer Force (UVF)
2008,0,0,0,0,0,0,0,0,0,0,Ulster Freedom Fighters (UFF)
2008,3,1,0,1,0,0,0,1,0,0,Neo-Nazi extremists
2008,0,0,0,0,0,0,0,0,0,0,Red Brigades
2008,0,0,0,0,0,0,0,0,0,0,First of October Antifascist Resistance Group (GRAPO)
2008,324,146,14,68,86,4,1,5,0,0,Other
2009,16,12,1,2,1,0,0,0,0,0,All
2009,0,0,0,0,0,0,0,0,0,0,Irish Republican Army (IRA)
2009,14,10,1,2,1,0,0,0,0,0,Basque Fatherland and Freedom (ETA)
2009,1,1,0,0,0,0,0,0,0,0,Corsican National Liberation Front (FLNC)
2009,0,0,0,0,0,0,0,0,0,0,Donetsk People's Republic
2009,0,0,0,0,0,0,0,0,0,0,Protestant extremists
2009,1,1,0,0,0,0,0,0,0,0,Chechen Rebels
2009,0,0,0,0,0,0,0,0,0,0,Ulster Volunteer Force (UVF)
2009,0,0,0,0,0,0,0,0,0,0,Ulster Freedom Fighters (UFF)
2009,0,0,0,0,0,0,0,0,0,0,Neo-Nazi extremists
2009,0,0,0,0,0,0,0,0,0,0,Red Brigades
2009,0,0,0,0,0,0,0,0,0,0,First of October Antifascist Resistance Group (GRAPO)
2009,329,126,18,64,107,7,1,1,0,5,Other
2010,3,3,0,0,0,0,0,0,0,0,All
2010,0,0,0,0,0,0,0,0,0,0,Irish Republican Army (IRA)
2010,1,1,0,0,0,0,0,0,0,0,Basque Fatherland and Freedom (ETA)
2010,2,2,0,0,0,0,0,0,0,0,Corsican National Liberation Front (FLNC)
2010,0,0,0,0,0,0,0,0,0,0,Donetsk People's Republic
2010,0,0,0,0,0,0,0,0,0,0,Protestant extremists
2010,0,0,0,0,0,0,0,0,0,0,Chechen Rebels
2010,0,0,0,0,0,0,0,0,0,0,Ulster Volunteer Force (UVF)
2010,0,0,0,0,0,0,0,0,0,0,Ulster Freedom Fighters (UFF)
2010,0,0,0,0,0,0,0,0,0,0,Neo-Nazi extremists
2010,0,0,0,0,0,0,0,0,0,0,Red Brigades
2010,0,0,0,0,0,0,0,0,0,0,First of October Antifascist Resistance Group (GRAPO)
2010,390,239,35,77,32,2,0,1,1,3,Other
2011,4,3,0,1,0,0,0,0,0,0,All
2011,1,1,0,0,0,0,0,0,0,0,Irish Republican Army (IRA)
2011,1,0,0,1,0,0,0,0,0,0,Basque Fatherland and Freedom (ETA)
2011,2,2,0,0,0,0,0,0,0,0,Corsican National Liberation Front (FLNC)
2011,0,0,0,0,0,0,0,0,0,0,Donetsk People's Republic
2011,0,0,0,0,0,0,0,0,0,0,Protestant extremists
2011,0,0,0,0,0,0,0,0,0,0,Chechen Rebels
2011,0,0,0,0,0,0,0,0,0,0,Ulster Volunteer Force (UVF)
2011,0,0,0,0,0,0,0,0,0,0,Ulster Freedom Fighters (UFF)
2011,0,0,0,0,0,0,0,0,0,0,Neo-Nazi extremists
2011,0,0,0,0,0,0,0,0,0,0,Red Brigades
2011,0,0,0,0,0,0,0,0,0,0,First of October Antifascist Resistance Group (GRAPO)
2011,285,166,21,70,21,3,1,1,0,2,Other
2012,60,60,0,0,0,0,0,0,0,0,All
2012,0,0,0,0,0,0,0,0,0,0,Irish Republican Army (IRA)
2012,0,0,0,0,0,0,0,0,0,0,Basque Fatherland and Freedom (ETA)
2012,58,58,0,0,0,0,0,0,0,0,Corsican National Liberation Front (FLNC)
2012,0,0,0,0,0,0,0,0,0,0,Donetsk People's Republic
2012,0,0,0,0,0,0,0,0,0,0,Protestant extremists
2012,0,0,0,0,0,0,0,0,0,0,Chechen Rebels
2012,2,2,0,0,0,0,0,0,0,0,Ulster Volunteer Force (UVF)
2012,0,0,0,0,0,0,0,0,0,0,Ulster Freedom Fighters (UFF)
2012,0,0,0,0,0,0,0,0,0,0,Neo-Nazi extremists
2012,0,0,0,0,0,0,0,0,0,0,Red Brigades
2012,0,0,0,0,0,0,0,0,0,0,First of October Antifascist Resistance Group (GRAPO)
2012,303,199,16,61,19,2,1,4,1,0,Other
2013,3,0,0,2,0,0,0,1,0,0,All
2013,0,0,0,0,0,0,0,0,0,0,Irish Republican Army (IRA)
2013,0,0,0,0,0,0,0,0,0,0,Basque Fatherland and Freedom (ETA)
2013,0,0,0,0,0,0,0,0,0,0,Corsican National Liberation Front (FLNC)
2013,0,0,0,0,0,0,0,0,0,0,Donetsk People's Republic
2013,1,0,0,1,0,0,0,0,0,0,Protestant extremists
2013,0,0,0,0,0,0,0,0,0,0,Chechen Rebels
2013,0,0,0,0,0,0,0,0,0,0,Ulster Volunteer Force (UVF)
2013,1,0,0,1,0,0,0,0,0,0,Ulster Freedom Fighters (UFF)
2013,1,0,0,0,0,0,0,1,0,0,Neo-Nazi extremists
2013,0,0,0,0,0,0,0,0,0,0,Red Brigades
2013,0,0,0,0,0,0,0,0,0,0,First of October Antifascist Resistance Group (GRAPO)
2013,415,247,17,70,66,3,3,6,1,2,Other
2014,332,121,0,98,30,56,21,3,3,0,All
2014,0,0,0,0,0,0,0,0,0,0,Irish Republican Army (IRA)
2014,0,0,0,0,0,0,0,0,0,0,Basque Fatherland and Freedom (ETA)
2014,0,0,0,0,0,0,0,0,0,0,Corsican National Liberation Front (FLNC)
2014,330,120,0,98,29,56,21,3,3,0,Donetsk People's Republic
2014,0,0,0,0,0,0,0,0,0,0,Protestant extremists
2014,1,1,0,0,0,0,0,0,0,0,Chechen Rebels
2014,1,0,0,0,1,0,0,0,0,0,Ulster Volunteer Force (UVF)
2014,0,0,0,0,0,0,0,0,0,0,Ulster Freedom Fighters (UFF)
2014,0,0,0,0,0,0,0,0,0,0,Neo-Nazi extremists
2014,0,0,0,0,0,0,0,0,0,0,Red Brigades
2014,0,0,0,0,0,0,0,0,0,0,First of October Antifascist Resistance Group (GRAPO)
2014,843,437,14,186,127,36,28,9,4,2,Other
2015,279,169,0,86,2,9,13,0,0,0,All
2015,0,0,0,0,0,0,0,0,0,0,Irish Republican Army (IRA)
2015,0,0,0,0,0,0,0,0,0,0,Basque Fatherland and Freedom (ETA)
2015,0,0,0,0,0,0,0,0,0,0,Corsican National Liberation Front (FLNC)
2015,273,167,0,84,1,8,13,0,0,0,Donetsk People's Republic
2015,0,0,0,0,0,0,0,0,0,0,Protestant extremists
2015,1,0,0,0,0,1,0,0,0,0,Chechen Rebels
2015,2,0,0,2,0,0,0,0,0,0,Ulster Volunteer Force (UVF)
2015,2,2,0,0,0,0,0,0,0,0,Ulster Freedom Fighters (UFF)
2015,1,0,0,0,1,0,0,0,0,0,Neo-Nazi extremists
2015,0,0,0,0,0,0,0,0,0,0,Red Brigades
2015,0,0,0,0,0,0,0,0,0,0,First of October Antifascist Resistance Group (GRAPO)
2015,737,392,16,138,159,6,8,9,9,0,Other
2016,18,3,1,5,2,5,0,2,0,0,All
2016,0,0,0,0,0,0,0,0,0,0,Irish Republican Army (IRA)
2016,0,0,0,0,0,0,0,0,0,0,Basque Fatherland and Freedom (ETA)
2016,0,0,0,0,0,0,0,0,0,0,Corsican National Liberation Front (FLNC)
2016,10,1,0,4,0,5,0,0,0,0,Donetsk People's Republic
2016,0,0,0,0,0,0,0,0,0,0,Protestant extremists
2016,1,0,0,1,0,0,0,0,0,0,Chechen Rebels
2016,0,0,0,0,0,0,0,0,0,0,Ulster Volunteer Force (UVF)
2016,0,0,0,0,0,0,0,0,0,0,Ulster Freedom Fighters (UFF)
2016,7,2,1,0,2,0,0,2,0,0,Neo-Nazi extremists
2016,0,0,0,0,0,0,0,0,0,0,Red Brigades
2016,0,0,0,0,0,0,0,0,0,0,First of October Antifascist Resistance Group (GRAPO)
2016,381,122,18,90,124,10,3,10,2,2,Other
